,PLAYER,TEAM,GP,MPG,PTS,FGM,FGA,FG%,RPG,APG,SPG,BPG,VALUE
526,"Mitchell, Donovan",UTA,2.0,33.0,28.0,18.0,50.0,36.0,2.5,1.5,6.0,0.0,38.0
492,"Forbes, Bryn",SAS,3.0,30.7,29.3,26.0,59.0,44.1,3.3,3.7,1.3,0.0,37.6
364,"Ingram, Brandon",LAL,1.0,32.0,26.0,9.0,17.0,52.9,1.0,3.0,3.0,2.0,35.0
340,"Williams, Troy",HOU,3.0,26.3,25.7,22.0,47.0,46.8,4.0,0.7,1.7,0.7,32.800000000000004
145,"Tatum, Jayson",BOS,3.0,33.0,18.7,22.0,47.0,46.8,9.7,2.0,2.3,0.0,32.699999999999996
258,"Diallo, Cheick",NOP,3.0,29.7,19.7,23.0,45.0,51.1,9.3,0.3,1.0,1.7,32.0
545,"Selden, Wayne",MEM,3.0,31.3,22.0,21.0,47.0,44.7,4.7,2.7,2.3,0.3,32.0
182,"Exum, Dante",UTA,3.0,27.3,20.0,22.0,42.0,52.4,4.3,6.3,0.3,1.0,31.900000000000002
289,"Smith Jr., Dennis",DAL,3.0,27.7,18.3,17.0,36.0,47.2,6.0,5.0,2.3,0.3,31.900000000000002
106,"Graham, Treveon",CHA,3.0,29.3,17.7,18.0,38.0,47.4,8.3,2.7,2.3,0.0,31.0
365,"Kuzma, Kyle",LAL,2.0,30.0,20.0,15.0,34.0,44.1,6.5,2.5,1.0,1.0,31.0
293,"Beasley, Malik",DEN,3.0,31.3,22.7,27.0,65.0,41.5,4.7,1.7,1.0,0.7,30.799999999999997
448,"Chriss, Marquese",PHX,3.0,32.0,19.0,14.0,41.0,34.1,8.7,1.0,1.0,1.0,30.7
24,"White, Okaro",MIA,4.0,34.5,19.0,23.0,61.0,37.7,8.0,1.8,0.3,1.5,30.6
137,"Brown, Jaylen",BOS,2.0,28.5,17.5,12.0,22.0,54.5,10.5,1.0,1.0,0.5,30.5
13,"Adebayo, Bam",MIA,4.0,30.8,17.5,19.0,54.0,35.2,8.3,1.3,1.0,2.3,30.400000000000002
209,"Bembry, DeAndre'",ATL,3.0,25.3,18.3,20.0,35.0,57.1,4.7,4.0,3.3,0.0,30.3
344,"Harrell, Montrezl",LAC,1.0,27.0,21.0,10.0,13.0,76.9,3.0,1.0,2.0,3.0,30.0
472,"Swanigan, Caleb",POR,3.0,30.3,15.7,16.0,38.0,42.1,11.0,1.0,1.3,0.7,29.7
452,"Jackson, Josh",PHX,3.0,35.3,17.7,19.0,52.0,36.5,7.7,2.0,1.0,1.0,29.4
254,"Cook, Quinn",NOP,3.0,30.0,20.3,26.0,45.0,57.8,3.7,3.3,2.0,0.0,29.3
3,"Buycks, Dwight",DAL,5.0,31.2,17.8,34.0,74.0,45.9,4.4,4.2,2.8,0.0,29.200000000000003
298,"Hernangomez, Juan",DEN,3.0,30.3,16.3,15.0,40.0,37.5,7.3,2.7,1.7,0.7,28.7
212,"Collins, John",ATL,3.0,24.7,15.0,18.0,30.0,60.0,10.7,1.3,1.0,0.7,28.7
398,"Vaughn, Rashad",MIL,3.0,28.0,21.3,25.0,39.0,64.1,4.0,1.7,1.0,0.7,28.7
453,"James, Mike",PHX,3.0,32.3,16.0,15.0,32.0,46.9,5.7,4.7,2.3,0.0,28.7
154,"Fultz, Markelle",PHI,2.0,24.5,20.0,15.0,32.0,46.9,3.5,3.0,0.5,1.5,28.5
516,"Siakam, Pascal",TOR,3.0,28.0,18.3,22.0,39.0,56.4,5.0,2.0,1.0,1.7,28.0
404,"Costello, Matt",MIN,3.0,25.7,10.3,12.0,23.0,52.2,12.3,2.3,1.7,1.3,27.900000000000002
371,"Adebayo, Bam",MIA,3.0,29.0,15.7,13.0,30.0,43.3,8.7,1.3,1.7,0.3,27.7
236,"Tatum, Jayson",BOS,3.0,32.0,17.7,19.0,45.0,42.2,8.0,1.0,0.3,0.7,27.7
168,"Forbes, Bryn",SAS,3.0,29.7,21.3,22.0,51.0,43.1,2.7,2.3,1.3,0.0,27.6
7,"Paul, Brandon",DAL,4.0,29.0,16.5,25.0,53.0,47.2,5.5,3.0,1.3,0.5,26.8
89,"Ellenson, Henry",DET,5.0,30.4,17.4,33.0,75.0,44.0,7.2,1.4,0.8,0.0,26.799999999999997
274,"Markkanen, Lauri",CHI,3.0,32.7,14.0,12.0,41.0,29.3,9.0,1.0,1.0,1.7,26.7
384,"White, Okaro",MIA,2.0,30.5,15.5,10.0,26.0,38.5,8.5,0.0,2.0,0.5,26.5
513,"Poeltl, Jakob",TOR,3.0,25.7,14.7,20.0,29.0,69.0,10.0,1.0,0.3,0.3,26.3
80,"Hunter, Vincent",OKC,3.0,24.0,16.3,17.0,29.0,58.6,7.0,1.7,0.0,1.3,26.3
81,"Johnson, Dakari",OKC,4.0,27.5,18.0,29.0,51.0,56.9,5.5,1.8,0.0,0.8,26.1
357,"Ball, Lonzo",LAL,2.0,33.5,8.0,7.0,28.0,25.0,7.5,8.0,1.5,1.0,26.0
535,"Baldwin IV, Wade",MEM,3.0,31.3,15.3,13.0,39.0,33.3,6.7,3.3,0.7,0.0,26.0
421,"LeVert, Caris",BKN,3.0,26.0,15.7,18.0,39.0,46.2,7.0,2.3,0.7,0.0,25.7
399,"Wilson, D.J.",MIL,3.0,27.7,14.7,17.0,39.0,43.6,6.3,2.3,0.3,2.0,25.6
541,"Martin, Jarell",MEM,3.0,30.3,14.3,13.0,38.0,34.2,8.0,1.0,1.3,1.0,25.6
94,"Kennard, Luke",DET,5.0,30.6,17.2,33.0,71.0,46.5,4.2,2.4,1.4,0.2,25.399999999999995
355,"Wilson, Jamil",LAC,3.0,21.0,14.3,18.0,22.0,81.8,6.3,2.7,1.3,0.7,25.3
517,"VanVleet, Fred",TOR,3.0,27.7,14.7,16.0,30.0,53.3,3.3,5.7,1.3,0.0,25.0
232,"Nader, Abdel",BOS,1.0,28.0,14.0,2.0,7.0,28.6,7.0,2.0,1.0,1.0,25.0
338,"Taylor, Isaiah",HOU,3.0,26.0,14.3,13.0,28.0,46.4,2.3,8.0,0.3,0.0,24.900000000000002
76,"Hamilton, Daniel",OKC,4.0,31.0,11.8,15.0,49.0,30.6,5.3,6.8,0.8,0.0,24.700000000000003
474,"Fox, De'Aaron",SAC,3.0,26.0,15.7,16.0,34.0,47.1,3.0,3.0,2.7,0.3,24.7
185,"Mitchell, Donovan",UTA,3.0,25.3,15.3,18.0,41.0,43.9,2.3,3.3,3.3,0.3,24.500000000000004
284,"Ferrell, Yogi",DAL,3.0,27.0,15.0,14.0,30.0,46.7,3.7,2.7,3.0,0.0,24.4
111,"O'Bryant III, Johnny",CHA,5.0,28.4,16.4,28.0,62.0,45.2,4.6,1.8,0.6,0.8,24.200000000000003
245,"Paul, Brandon",CLE,3.0,25.3,14.3,16.0,34.0,47.1,5.0,2.3,2.3,0.3,24.200000000000003
551,"Cunningham, Jared",WAS,2.0,19.5,21.0,11.0,21.0,52.4,2.0,0.5,0.5,0.0,24.0
319,"McCaw, Patrick",GSW,3.0,30.0,18.0,20.0,50.0,40.0,3.3,2.0,0.3,0.3,23.900000000000002
73,"Christon, Semaj",OKC,4.0,30.5,12.8,19.0,42.0,45.2,3.5,6.0,1.3,0.3,23.900000000000002
93,"Jackson, Pierre",DET,5.0,24.2,15.8,31.0,61.0,50.8,1.4,5.8,0.8,0.0,23.8
523,"Griffin, Eric",UTA,2.0,25.0,7.0,5.0,11.0,45.5,8.5,1.5,2.5,4.0,23.5
79,"Huestis, Josh",OKC,4.0,31.0,15.0,22.0,45.0,48.9,6.8,0.3,0.5,0.8,23.400000000000002
409,"Paige, Marcus",MIN,3.0,29.3,14.3,15.0,39.0,38.5,2.3,4.7,1.7,0.3,23.3
43,"Georges-Hunt, Marcus",ORL,5.0,28.4,14.0,20.0,40.0,50.0,4.8,2.8,1.6,0.0,23.200000000000003
70,"Stokes, Jarnell",IND,5.0,25.6,13.2,20.0,37.0,54.1,6.6,1.2,0.6,1.6,23.2
242,"Felder, Kay",CLE,3.0,24.3,12.7,11.0,43.0,25.6,4.7,3.3,1.0,1.3,23.0
478,"Hield, Buddy",SAC,3.0,25.0,16.7,16.0,45.0,35.6,3.7,1.0,0.7,0.7,22.799999999999997
353,"Thornwell, Sindarius",LAC,3.0,26.0,16.0,14.0,34.0,41.2,4.0,1.0,1.7,0.0,22.7
158,"Luwawu-Cabarrot, Timothe",PHI,2.0,28.0,14.0,10.0,23.0,43.5,4.5,4.0,0.0,0.0,22.5
346,"Johnson, Brice",LAC,3.0,24.7,14.0,16.0,28.0,57.1,5.0,0.3,1.3,1.7,22.3
418,"Goodwin, Archie",BKN,3.0,20.7,12.7,15.0,26.0,57.7,4.3,3.7,0.3,1.3,22.3
328,"Johnson, Chris",HOU,3.0,26.7,11.0,12.0,27.0,44.4,6.3,1.7,3.0,0.3,22.3
559,"McClellan, Sheldon",WAS,3.0,24.3,15.7,16.0,30.0,53.3,3.7,1.3,1.3,0.3,22.3
561,"Ochefu, Daniel",WAS,3.0,24.3,9.3,9.0,13.0,69.2,7.3,2.0,1.0,2.3,21.900000000000002
277,"Valentine, Denzel",CHI,3.0,31.7,10.3,12.0,44.0,27.3,6.3,2.7,2.3,0.0,21.6
10,"Warney, Jameel",DAL,4.0,21.5,12.0,21.0,32.0,65.6,5.3,1.0,1.0,2.3,21.6
159,"Miles, Isaiah",PHI,2.0,18.5,14.0,11.0,15.0,73.3,7.0,0.0,0.5,0.0,21.5
72,"Brown, Markel",OKC,2.0,25.0,14.5,11.0,14.0,78.6,3.5,1.0,2.5,0.0,21.5
562,"Pangos, Kevin",WAS,2.0,28.5,7.5,6.0,16.0,37.5,6.0,5.0,2.0,1.0,21.5
103,"Bacon, Dwayne",CHA,5.0,29.4,15.4,28.0,67.0,41.8,4.2,1.0,0.8,0.0,21.400000000000002
28,"Dotson, Damyean",NYK,5.0,25.4,12.8,24.0,50.0,48.0,5.0,2.6,0.8,0.2,21.400000000000002
114,"Weber, Briante",CHA,5.0,27.2,11.6,22.0,52.0,42.3,4.0,2.8,2.8,0.2,21.4
37,"Randle, Chasson",NYK,5.0,25.8,15.8,24.0,57.0,42.1,2.0,2.4,1.0,0.2,21.4
21,"Perrantes, London",MIA,4.0,28.8,11.3,14.0,35.0,40.0,3.8,4.8,1.3,0.0,21.200000000000003
71,"Young, Joe",IND,4.0,26.8,13.0,17.0,34.0,50.0,2.0,5.8,0.3,0.0,21.1
46,"Isaac, Jonathan",ORL,3.0,18.7,10.3,12.0,27.0,44.4,8.0,0.3,0.7,1.7,21.0
501,"Whittington, Shayne",SAS,3.0,23.3,13.0,14.0,20.0,70.0,5.7,0.0,1.3,1.0,21.0
509,"Meeks, Kennedy",TOR,2.0,13.5,13.5,12.0,20.0,60.0,6.5,0.5,0.5,0.0,21.0
432,"Bolden, Jonah",PHI,3.0,23.0,10.3,11.0,24.0,45.8,7.3,1.0,1.7,0.7,21.0
151,"Bolden, Jonah",PHI,3.0,24.3,10.0,11.0,29.0,37.9,5.3,1.3,2.0,2.3,20.900000000000002
62,"Leaf, T.J.",IND,3.0,27.0,12.7,16.0,33.0,48.5,6.3,1.0,0.7,0.0,20.7
160,"Poythress, Alex",PHI,3.0,25.7,12.3,12.0,29.0,41.4,5.7,0.7,1.3,0.7,20.7
63,"Leslie, Travis",IND,5.0,24.8,13.2,28.0,61.0,45.9,5.0,1.2,0.8,0.4,20.599999999999998
311,"Brown, Jabari",GSW,2.0,24.0,13.0,6.0,20.0,30.0,3.5,1.5,2.5,0.0,20.5
428,"Whitehead, Isaiah",BKN,3.0,23.0,12.3,14.0,38.0,36.8,4.7,2.7,0.7,0.0,20.4
61,"Johnson, Chris",IND,3.0,28.7,10.7,13.0,26.0,50.0,8.0,0.3,1.0,0.3,20.3
243,"Gill, Anthony",CLE,3.0,27.3,10.0,12.0,21.0,57.1,7.7,1.3,1.3,0.0,20.3
141,"Nader, Abdel",BOS,3.0,26.3,14.7,17.0,35.0,48.6,3.0,1.0,0.7,0.7,20.099999999999998
309,"Bell, Jordan",GSW,3.0,20.3,5.0,7.0,11.0,63.6,7.7,2.7,2.0,2.7,20.099999999999998
96,"Moreland, Eric",DET,5.0,26.4,7.6,14.0,20.0,70.0,8.4,0.4,0.8,2.8,20.0
457,"Reed, Davon",PHX,3.0,27.0,13.0,12.0,32.0,37.5,4.7,0.7,1.3,0.0,19.7
366,"Nwaba, David",LAL,3.0,28.0,9.7,12.0,21.0,57.1,6.3,2.0,0.7,1.0,19.7
228,"Brown, Jaylen",BOS,3.0,22.7,10.3,10.0,33.0,30.3,5.3,1.7,1.0,1.3,19.6
149,"Austin, Brandon",PHI,2.0,22.0,15.5,11.0,25.0,44.0,3.5,0.0,0.5,0.0,19.5
419,"Hollis-Jefferson, Rondae",BKN,3.0,24.3,8.7,10.0,26.0,38.5,8.7,0.7,0.7,0.7,19.499999999999996
447,"Bender, Dragan",PHX,3.0,30.0,11.0,12.0,37.0,32.4,6.0,1.7,0.7,0.0,19.4
481,"Mason, Frank",SAC,3.0,20.7,11.3,13.0,32.0,40.6,4.0,3.3,0.7,0.0,19.3
508,"McKinnie, Alfonzo",TOR,3.0,24.0,8.7,12.0,34.0,35.3,7.7,1.0,1.0,0.7,19.099999999999998
271,"Dunn, Kris",CHI,1.0,30.0,11.0,3.0,12.0,25.0,4.0,3.0,0.0,1.0,19.0
5,"Montero, Luis",DAL,5.0,26.4,8.2,13.0,27.0,48.1,5.0,2.2,2.6,1.0,19.0
281,"Ashley, Brandon",DAL,3.0,20.7,14.0,16.0,31.0,51.6,3.3,0.3,0.7,0.7,19.0
224,"Stone, Diamond",ATL,2.0,17.0,11.5,9.0,15.0,60.0,5.5,0.0,1.0,1.0,19.0
249,"Thomas, Malcolm",CLE,2.0,18.0,7.5,6.0,12.0,50.0,9.0,1.0,0.0,1.5,19.0
165,"Bertans, Davis",SAS,3.0,24.3,11.7,10.0,29.0,34.5,4.7,1.7,0.0,0.7,18.799999999999997
317,"Jones, Damian",GSW,3.0,26.3,9.3,9.0,23.0,39.1,5.0,0.7,1.0,2.7,18.7
239,"Zizic, Ante",BOS,3.0,18.3,7.7,9.0,15.0,60.0,8.0,1.0,0.3,1.7,18.7
381,"Perrantes, London",MIA,2.0,28.0,10.0,6.0,16.0,37.5,2.0,5.0,1.5,0.0,18.5
441,"Luwawu-Cabarrot, Timothe",PHI,2.0,20.0,11.5,6.0,19.0,31.6,4.5,2.0,0.5,0.0,18.5
536,"Brooks, Dillon",MEM,3.0,23.3,12.0,13.0,25.0,52.0,3.7,0.7,1.3,0.7,18.4
386,"Brown, Sterling",MIL,3.0,21.0,10.0,11.0,27.0,40.7,4.3,1.0,1.3,1.7,18.3
233,"Ojeleye, Semi",BOS,3.0,28.7,12.0,12.0,29.0,41.4,4.0,1.7,0.3,0.0,18.0
525,"Leslie, Travis",UTA,2.0,26.5,8.0,7.0,16.0,43.8,7.5,1.0,1.0,0.5,18.0
230,"Jackson, Demetrius",BOS,3.0,27.7,9.3,10.0,21.0,47.6,2.7,4.0,2.0,0.0,18.0
334,"Onuaku, Chinanu",HOU,3.0,17.7,6.3,7.0,12.0,58.3,7.0,2.0,1.3,1.3,17.900000000000002
295,"Carter Jr, Robert",DEN,3.0,18.3,11.0,10.0,19.0,52.6,4.7,0.3,1.0,0.7,17.7
221,"Prince, Taurean",ATL,3.0,27.0,11.7,12.0,39.0,30.8,3.0,1.3,1.0,0.7,17.7
268,"Blakeney, Antonio",CHI,3.0,23.7,13.3,14.0,31.0,45.2,3.0,0.7,0.7,0.0,17.7
275,"Payne, Cameron",CHI,2.0,28.5,11.5,9.0,26.0,34.6,3.5,2.5,0.0,0.0,17.5
305,"Sims, Henry",DEN,2.0,22.0,10.5,9.0,13.0,69.2,4.5,1.5,1.0,0.0,17.5
51,"Lucas, Kalin",ORL,4.0,25.3,12.5,19.0,45.0,42.2,0.8,3.0,0.8,0.3,17.400000000000002
520,"Bradley, Tony",UTA,3.0,21.0,10.0,15.0,33.0,45.5,5.7,0.7,0.0,1.0,17.4
183,"Griffin, Eric",UTA,3.0,18.0,8.7,10.0,17.0,58.8,6.0,0.3,1.0,1.3,17.3
315,"Hamilton, Alex",GSW,3.0,23.3,8.7,9.0,24.0,37.5,4.0,3.3,1.3,0.0,17.3
66,"McKinney Jones, Trey",IND,5.0,24.0,10.2,19.0,46.0,41.3,4.4,2.0,0.4,0.2,17.2
279,"Zipser, Paul",CHI,1.0,30.0,10.0,3.0,11.0,27.3,5.0,2.0,0.0,0.0,17.0
372,"Auguste, Zach",MIA,2.0,22.5,10.0,9.0,15.0,60.0,5.5,0.0,1.0,0.5,17.0
376,"McKinney-Jones, Trey",MIA,3.0,29.7,9.7,10.0,26.0,38.5,4.3,2.0,0.7,0.3,17.0
174,"Murray, Dejounte",SAS,2.0,19.0,5.5,3.0,17.0,17.6,5.0,4.5,2.0,0.0,17.0
318,"Looney, Kevon",GSW,2.0,19.0,6.5,6.0,12.0,50.0,8.0,2.0,0.0,0.5,17.0
36,"Plumlee, Marshall",NYK,5.0,24.0,8.4,16.0,30.0,53.3,6.2,1.4,0.0,1.0,17.0
251,"Williams, T.J.",CLE,3.0,18.7,10.0,11.0,20.0,55.0,2.7,2.7,1.3,0.0,16.7
463,"Collins, Zach",POR,3.0,23.3,6.3,6.0,23.0,26.1,5.7,0.7,2.0,2.0,16.7
11,"Wood, Christian",DAL,3.0,15.3,10.0,10.0,21.0,47.6,4.3,1.3,0.7,0.3,16.6
405,"Ellis, Perry",MIN,3.0,22.7,10.7,12.0,29.0,41.4,4.3,1.3,0.0,0.3,16.6
560,"McCullough, Chris",WAS,3.0,25.3,8.3,11.0,30.0,36.7,7.0,0.3,0.7,0.3,16.6
358,"Blue, Vander",LAL,3.0,17.7,11.3,9.0,21.0,42.9,3.3,1.3,0.3,0.3,16.500000000000004
498,"Murray, Dejounte",SAS,2.0,19.5,6.5,6.0,19.0,31.6,6.0,3.0,1.0,0.0,16.5
495,"Jefferson, Cory",SAS,2.0,16.5,9.5,7.0,11.0,63.6,5.5,1.0,0.5,0.0,16.5
396,"Trice II, Travis",MIL,3.0,24.3,10.3,7.0,27.0,25.9,2.0,2.7,1.3,0.0,16.3
434,"Drew II, Larry",PHI,3.0,25.0,7.7,10.0,21.0,47.6,1.3,5.3,2.0,0.0,16.3
56,"Walton Jr., Derrick",ORL,4.0,20.8,10.0,15.0,32.0,46.9,2.5,3.5,0.3,0.0,16.3
148,"Zizic, Ante",BOS,3.0,22.0,8.0,9.0,18.0,50.0,6.0,0.3,0.3,1.7,16.3
14,"Auguste, Zach",MIA,3.0,17.7,7.3,10.0,17.0,58.8,6.3,0.3,2.0,0.3,16.2
155,"Harrison, Aaron",PHI,2.0,16.5,7.5,4.0,12.0,33.3,3.5,2.5,2.5,0.0,16.0
445,"Trimble, Melo",PHI,1.0,14.0,13.0,4.0,8.0,50.0,1.0,0.0,2.0,0.0,16.0
105,"Gill, Anthony",CHA,5.0,25.2,8.0,15.0,35.0,42.9,4.8,1.4,1.4,0.4,16.0
218,"Kelly, Ryan",ATL,2.0,16.0,10.5,6.0,21.0,28.6,4.0,1.0,0.5,0.0,16.0
480,"Labissiere, Skal",SAC,3.0,27.3,8.3,11.0,27.0,40.7,4.7,1.0,0.3,1.7,16.0
479,"Jackson, Justin",SAC,3.0,30.0,12.7,16.0,40.0,40.0,2.3,0.7,0.0,0.3,16.0
443,"Poythress, Alex",PHI,3.0,23.7,10.3,11.0,23.0,47.8,3.3,0.7,0.7,1.0,16.0
412,"Randolph, Levi",MIN,3.0,24.0,9.3,11.0,22.0,50.0,4.3,1.0,1.3,0.0,15.900000000000002
336,"Qi, Zhou",HOU,3.0,25.3,7.3,8.0,25.0,32.0,4.3,1.0,1.0,2.3,15.899999999999999
493,"Hanlan, Olivier",SAS,3.0,22.0,9.7,12.0,18.0,66.7,2.7,2.0,1.3,0.0,15.7
439,"Korkmaz, Furkan",PHI,3.0,26.0,10.7,12.0,29.0,41.4,2.7,1.3,1.0,0.0,15.7
436,"Harrison, Aaron",PHI,3.0,15.7,11.0,10.0,21.0,47.6,2.7,1.0,0.7,0.3,15.7
466,"Gutierrez, Jorge",POR,3.0,23.7,6.3,4.0,12.0,33.3,4.3,2.7,2.0,0.3,15.600000000000001
473,"Cooley, Jack",SAC,3.0,18.0,7.7,8.0,10.0,80.0,6.3,0.3,1.0,0.3,15.600000000000001
489,"Bertans, Davis",SAS,3.0,26.0,10.3,9.0,25.0,36.0,2.3,1.0,1.3,0.7,15.600000000000001
91,"Gbinije, Michael",DET,5.0,29.4,7.2,9.0,34.0,26.5,3.8,2.4,1.8,0.4,15.600000000000001
417,"Doyle, Milton",BKN,2.0,18.0,10.5,8.0,17.0,47.1,3.5,1.0,0.0,0.5,15.5
192,"Wright, Julian",UTA,2.0,20.5,7.0,6.0,11.0,54.5,6.5,1.0,1.0,0.0,15.5
363,"Hart, Josh",LAL,2.0,22.5,10.0,8.0,21.0,38.1,4.0,0.5,0.5,0.5,15.5
348,"Marshall, Kendall",LAC,2.0,21.5,5.5,2.0,5.0,40.0,1.5,8.0,0.5,0.0,15.5
0,"Ashley, Brandon",DAL,2.0,21.0,8.5,7.0,15.0,46.7,5.5,0.5,1.0,0.0,15.5
568,"Young, Michael",WAS,3.0,22.3,8.3,7.0,29.0,24.1,4.7,0.7,0.7,1.0,15.399999999999999
538,"Davis, Deyonta",MEM,3.0,25.7,3.3,5.0,13.0,38.5,8.7,0.3,1.3,1.7,15.3
248,"Tavares, Edy",CLE,3.0,19.3,7.0,7.0,13.0,53.8,5.0,0.3,0.3,2.7,15.3
285,"Finney-Smith, Dorian",DAL,3.0,27.0,5.7,3.0,24.0,12.5,6.0,1.7,1.0,0.7,15.099999999999998
403,"Cooke, Charles",MIN,3.0,17.7,9.7,12.0,24.0,50.0,2.3,1.0,1.0,1.0,15.0
361,"Caruso, Alex",LAL,3.0,15.0,7.3,7.0,14.0,50.0,2.0,3.7,1.7,0.3,15.0
504,"Edwards, Justin",TOR,1.0,20.0,2.0,1.0,3.0,33.3,7.0,4.0,2.0,0.0,15.0
437,"Jackson, Charles",PHI,1.0,14.0,6.0,3.0,3.0,100.0,5.0,0.0,3.0,1.0,15.0
6,"Motley, Johnathan",DAL,4.0,17.5,7.0,11.0,28.0,39.3,5.3,0.8,0.3,1.5,14.900000000000002
171,"Jefferson, Cory",SAS,3.0,15.3,6.7,8.0,21.0,38.1,7.3,0.0,0.3,0.3,14.600000000000001
391,"Maker, Thon",MIL,2.0,27.0,6.0,4.0,18.0,22.2,6.5,0.0,0.5,1.5,14.5
393,"Payton II, Gary",MIL,2.0,17.5,6.0,5.0,11.0,45.5,4.0,2.0,2.5,0.0,14.5
157,"Korkmaz, Furkan",PHI,2.0,23.0,6.5,2.0,12.0,16.7,3.0,3.0,2.0,0.0,14.5
187,"Southerland, James",UTA,2.0,18.5,6.5,5.0,10.0,50.0,6.0,0.0,0.5,1.5,14.5
227,"Bird, Jabari",BOS,3.0,18.0,9.0,12.0,20.0,60.0,4.7,0.0,0.7,0.0,14.399999999999999
40,"Costello, Matt",ORL,3.0,19.7,5.0,6.0,14.0,42.9,4.7,2.0,1.0,1.7,14.399999999999999
282,"Brussino, Nicolas",DAL,3.0,20.3,8.0,9.0,25.0,36.0,4.3,1.0,0.7,0.3,14.3
12,"Yanyuhang, Ding",DAL,5.0,20.6,8.2,13.0,32.0,40.6,2.6,2.0,0.8,0.6,14.2
33,"Labeyrie, Louis",NYK,5.0,19.0,7.4,15.0,24.0,62.5,5.6,0.6,0.4,0.2,14.2
2,"Barber, Cat",DAL,5.0,21.4,8.2,14.0,34.0,41.2,2.4,2.6,0.8,0.2,14.2
416,"Dinwiddie, Spencer",BKN,3.0,23.7,7.7,8.0,20.0,40.0,1.7,1.7,2.7,0.3,14.100000000000001
297,"Craig, Torrey",DEN,3.0,21.3,8.0,9.0,18.0,50.0,3.3,1.7,0.7,0.3,14.0
176,"White, Derrick",SAS,3.0,21.7,8.7,9.0,29.0,31.0,2.7,2.3,0.3,0.0,14.0
302,"Morris, Monte",DEN,3.0,19.7,6.7,8.0,22.0,36.4,1.3,3.7,1.0,1.3,14.0
373,"Clavell, Gian",MIA,2.0,21.5,9.0,7.0,17.0,41.2,3.5,1.0,0.0,0.5,14.0
552,"Diogu, Ike",WAS,1.0,16.0,8.0,4.0,5.0,80.0,5.0,0.0,1.0,0.0,14.0
500,"White, Derrick",SAS,1.0,23.0,10.0,3.0,9.0,33.3,1.0,2.0,1.0,0.0,14.0
156,"Jackson, Charles",PHI,1.0,10.0,7.0,3.0,6.0,50.0,3.0,0.0,2.0,2.0,14.0
87,"Brown, Lorenzo",DET,5.0,17.0,7.8,16.0,32.0,50.0,3.2,2.4,0.6,0.0,14.0
430,"Austin, Brandon",PHI,3.0,20.7,7.3,8.0,28.0,28.6,2.3,2.7,1.3,0.3,13.900000000000002
32,"Kornet, Luke",NYK,5.0,19.0,6.8,10.0,37.0,27.0,4.4,1.0,0.0,1.6,13.799999999999999
360,"Bryant, Thomas",LAL,3.0,17.7,7.7,8.0,14.0,57.1,4.7,0.7,0.0,0.7,13.799999999999999
247,"Prather, Casey",CLE,3.0,20.7,8.7,9.0,23.0,39.1,2.3,0.7,1.0,1.0,13.7
413,"Williams, C.J.",MIN,3.0,24.0,8.7,8.0,23.0,34.8,3.0,0.7,1.0,0.3,13.7
406,"Gibbs, Jack",MIN,3.0,16.3,9.0,10.0,27.0,37.0,1.0,2.3,1.3,0.0,13.600000000000001
385,"Williams, Matt",MIA,3.0,21.3,10.3,11.0,27.0,40.7,2.3,0.7,0.0,0.3,13.600000000000001
471,"Stokes, Jarnell",POR,2.0,15.5,8.0,6.0,11.0,54.5,2.5,1.0,1.0,1.0,13.5
99,"Thompson, Hollis",DET,2.0,18.5,10.0,8.0,14.0,57.1,2.5,0.0,0.5,0.5,13.5
25,"Williams, Matt",MIA,2.0,28.0,8.5,6.0,23.0,26.1,3.5,1.0,0.5,0.0,13.5
351,"Thompson, Hollis",LAC,2.0,21.5,10.0,6.0,15.0,40.0,3.0,0.0,0.0,0.5,13.5
531,"Walker, Devondrick",UTA,2.0,23.5,9.5,5.0,17.0,29.4,1.5,1.0,1.0,0.5,13.5
178,"Bolomboy, Joel",UTA,2.0,19.5,7.0,4.0,10.0,40.0,6.0,0.0,0.5,0.0,13.5
464,"Connaughton, Pat",POR,3.0,24.3,6.0,8.0,22.0,36.4,2.0,4.3,1.0,0.0,13.3
177,"Whittington, Shayne",SAS,3.0,22.7,5.7,6.0,15.0,40.0,4.0,1.3,1.3,1.0,13.3
83,"Paige, Marcus",OKC,3.0,18.0,8.3,7.0,17.0,41.2,2.3,2.0,0.7,0.0,13.3
343,"Evans, Jawun",LAC,3.0,18.0,6.3,7.0,14.0,50.0,3.0,4.0,0.0,0.0,13.3
26,"Artis, Jamel",NYK,5.0,18.6,8.8,17.0,35.0,48.6,2.4,1.6,0.2,0.2,13.2
29,"Hayes, Nigel",NYK,5.0,15.4,5.2,12.0,29.0,41.4,5.0,1.6,0.6,0.8,13.2
64,"Long, Naz",IND,4.0,19.8,9.3,14.0,37.0,37.8,3.0,0.8,0.0,0.0,13.100000000000001
59,"Christmas, Rakeem",IND,2.0,14.5,6.5,6.0,10.0,60.0,3.5,0.0,1.0,2.0,13.0
38,"Rathan-Mayes, Xavier",NYK,4.0,17.8,6.0,9.0,25.0,36.0,2.5,3.5,1.0,0.0,13.0
427,"Senglin, Jeremy",BKN,2.0,15.5,8.5,6.0,14.0,42.9,2.5,0.5,1.0,0.5,13.0
179,"Bradley, Tony",UTA,3.0,19.7,8.0,11.0,23.0,47.8,4.0,0.0,0.0,1.0,13.0
532,"Wallace, Tyrone",UTA,2.0,18.5,3.5,3.0,15.0,20.0,5.0,2.5,1.5,0.5,13.0
153,"Drew II, Larry",PHI,2.0,30.0,6.0,5.0,15.0,33.3,1.5,5.0,0.5,0.0,13.0
467,"Hunter, RJ",POR,3.0,21.3,9.7,7.0,18.0,38.9,1.3,1.0,0.3,0.7,13.0
49,"Jones, Jalen",ORL,2.0,18.0,7.5,5.0,18.0,27.8,4.0,1.0,0.5,0.0,13.0
65,"Loyd, Jordan",IND,4.0,18.3,4.5,7.0,29.0,24.1,4.3,3.8,0.3,0.0,12.900000000000002
74,"Ennis, Dylan",OKC,5.0,19.6,8.2,13.0,31.0,41.9,2.6,1.2,0.4,0.4,12.799999999999999
255,"Cousins, Isaiah",NOP,3.0,21.3,6.3,8.0,23.0,34.8,2.7,3.0,0.7,0.0,12.7
252,"Benson, Keith",NOP,3.0,20.7,5.7,7.0,18.0,38.9,6.0,0.0,0.0,1.0,12.7
333,"Oliver, Cameron",HOU,3.0,12.3,5.3,5.0,11.0,45.5,4.7,0.7,1.0,1.0,12.7
44,"Gray, Josh",ORL,3.0,15.7,7.0,9.0,21.0,42.9,1.3,3.0,1.3,0.0,12.600000000000001
519,"Bolomboy, Joel",UTA,3.0,25.7,6.0,5.0,15.0,33.3,5.3,0.3,0.0,1.0,12.600000000000001
246,"Pointer, Sir'Dominic",CLE,2.0,11.5,7.5,6.0,9.0,66.7,3.0,0.5,1.0,0.5,12.5
442,"Miles, Isaiah",PHI,3.0,17.3,7.7,3.0,14.0,21.4,4.0,0.0,0.7,0.0,12.399999999999999
261,"Jones, Jalen",NOP,3.0,18.3,7.7,6.0,25.0,24.0,4.0,0.0,0.7,0.0,12.399999999999999
52,"Martin, Hassan",ORL,4.0,16.3,6.5,8.0,19.0,42.1,4.3,0.5,0.0,0.8,12.100000000000001
507,"Loyd, Jordan",TOR,2.0,20.0,7.5,4.0,10.0,40.0,2.0,1.0,1.0,0.5,12.0
460,"Adams, Jordan",POR,1.0,13.0,9.0,3.0,6.0,50.0,0.0,0.0,3.0,0.0,12.0
411,"Putney, Raphiael",MIN,2.0,15.5,3.5,2.0,18.0,11.1,5.5,1.0,2.0,0.0,12.0
139,"Jackson, Demetrius",BOS,1.0,27.0,6.0,3.0,12.0,25.0,1.0,3.0,2.0,0.0,12.0
431,"Blackmon Jr., James",PHI,1.0,14.0,7.0,3.0,7.0,42.9,2.0,0.0,3.0,0.0,12.0
368,"Wear, Travis",LAL,3.0,19.0,7.0,8.0,26.0,30.8,3.3,0.3,1.0,0.3,11.900000000000002
484,"Papagiannis, Georgios",SAC,3.0,21.0,1.7,2.0,10.0,20.0,7.7,1.3,0.3,0.7,11.700000000000001
469,"Layman, Jake",POR,3.0,30.3,7.7,6.0,30.0,20.0,3.3,0.0,0.7,0.0,11.7
540,"Hunter, Vincent",MEM,3.0,13.0,6.0,7.0,17.0,41.2,3.7,0.0,1.7,0.3,11.7
15,"Clavell, Gian",MIA,5.0,21.0,5.8,10.0,38.0,26.3,3.0,1.2,1.0,0.6,11.6
150,"Blackmon Jr., James",PHI,2.0,18.0,7.5,6.0,14.0,42.9,3.0,0.5,0.5,0.0,11.5
273,"Jovanovic, Nikola",CHI,2.0,13.5,5.5,5.0,8.0,62.5,5.0,0.5,0.0,0.5,11.5
278,"Walker, Chris",CHI,2.0,14.5,3.0,3.0,8.0,37.5,4.5,0.0,1.5,2.5,11.5
486,"Sampson, JaKarr",SAC,2.0,13.0,6.5,5.0,11.0,45.5,3.5,0.5,0.5,0.5,11.5
300,"Lydon, Tyler",DEN,3.0,26.7,3.7,4.0,15.0,26.7,3.7,1.7,1.3,1.0,11.4
142,"Ojeleye, Semi",BOS,3.0,26.7,6.0,6.0,19.0,31.6,3.7,1.3,0.0,0.3,11.3
166,"Blossomgame, Jaron",SAS,3.0,22.0,4.3,5.0,16.0,31.3,6.3,0.3,0.3,0.0,11.200000000000001
564,"Robinson, Devin",WAS,3.0,15.3,4.3,3.0,14.0,21.4,4.3,0.3,1.0,1.3,11.200000000000001
435,"Fultz, Markelle",PHI,1.0,15.0,8.0,3.0,12.0,25.0,2.0,1.0,0.0,0.0,11.0
567,"Wayns, Maalik",WAS,2.0,17.0,6.5,4.0,12.0,33.3,2.0,2.0,0.5,0.0,11.0
549,"Zagorac, Rade",MEM,3.0,21.0,5.0,5.0,13.0,38.5,5.7,0.3,0.0,0.0,11.0
444,"Tarczewski, Kaleb",PHI,2.0,10.0,6.0,5.0,9.0,55.6,4.0,0.0,0.0,1.0,11.0
266,"Young, James",NOP,3.0,15.0,7.3,7.0,19.0,36.8,2.0,1.0,0.7,0.0,11.0
485,"Richardson, Malachi",SAC,1.0,25.0,8.0,2.0,7.0,28.6,3.0,0.0,0.0,0.0,11.0
144,"Smith, Scoochie",BOS,1.0,16.0,4.0,2.0,5.0,40.0,2.0,3.0,2.0,0.0,11.0
440,"Lessort, Mathias",PHI,1.0,13.0,4.0,1.0,2.0,50.0,4.0,1.0,1.0,1.0,11.0
47,"Iwundu, Wesley",ORL,5.0,22.0,5.6,10.0,33.0,30.3,3.8,0.4,0.8,0.4,11.0
113,"Sulaimon, Rasheed",CHA,2.0,22.0,6.0,4.0,9.0,44.4,2.5,2.0,0.5,0.0,11.0
533,"Williams-Goss, Nigel",UTA,3.0,21.3,4.3,3.0,15.0,20.0,2.0,3.7,1.0,0.0,11.0
454,"Jones Jr., Derrick",PHX,3.0,23.7,6.3,8.0,16.0,50.0,3.3,0.3,0.7,0.3,10.9
287,"Motley, Johnathan",DAL,3.0,13.3,5.7,8.0,13.0,61.5,3.7,0.7,0.3,0.3,10.700000000000001
327,"Hartenstein, Isaiah",HOU,3.0,11.3,5.3,4.0,13.0,30.8,3.0,0.7,1.0,0.7,10.7
415,"Boothe, Nathan",BKN,3.0,16.0,7.0,8.0,24.0,33.3,2.0,0.7,0.3,0.7,10.7
265,"Toupane, Axel",NOP,3.0,26.0,5.3,4.0,17.0,23.5,3.7,1.0,0.7,0.0,10.7
107,"Joseph, Kris",CHA,5.0,22.2,6.6,10.0,26.0,38.5,2.8,0.0,1.0,0.2,10.599999999999998
515,"Sheehey, Will",TOR,2.0,19.0,5.5,3.0,12.0,25.0,1.5,2.0,0.5,1.0,10.5
188,"Tokoto, JP",UTA,2.0,20.0,4.5,3.0,6.0,50.0,3.0,2.0,1.0,0.0,10.5
558,"Keene, Marcus",WAS,2.0,13.5,7.5,5.0,10.0,50.0,1.0,1.5,0.5,0.0,10.5
42,"Garino, Patricio",ORL,5.0,19.2,5.6,10.0,22.0,45.5,2.2,1.2,1.0,0.4,10.4
57,"Zimmerman, Stephen",ORL,3.0,17.0,5.0,6.0,15.0,40.0,3.0,1.3,0.7,0.3,10.3
109,"Mathiang, Mangok",CHA,5.0,17.2,4.4,8.0,15.0,53.3,5.0,0.4,0.0,0.4,10.200000000000001
85,"Thomas, Rashawn",OKC,5.0,13.6,4.8,10.0,22.0,45.5,3.6,0.4,0.8,0.6,10.200000000000001
22,"Robinson, Justin",MIA,5.0,15.8,6.8,13.0,38.0,34.2,1.6,1.0,0.8,0.0,10.200000000000001
382,"Robinson, Justin",MIA,2.0,19.0,4.5,3.0,13.0,23.1,2.5,2.0,1.0,0.0,10.0
325,"Williams, JaCorey",GSW,1.0,11.0,5.0,2.0,5.0,40.0,2.0,1.0,2.0,0.0,10.0
359,"Brown, Alec",LAL,1.0,12.0,6.0,2.0,6.0,33.3,4.0,0.0,0.0,0.0,10.0
337,"Quarterman, Tim",HOU,2.0,11.5,6.5,5.0,8.0,62.5,1.0,1.5,1.0,0.0,10.0
369,"York, Gabe",LAL,1.0,10.0,8.0,2.0,5.0,40.0,1.0,1.0,0.0,0.0,10.0
331,"McCallum, Ray",HOU,2.0,12.5,8.0,4.0,6.0,66.7,1.5,0.5,0.0,0.0,10.0
191,"Williams-Goss, Nigel",UTA,2.0,17.0,4.5,3.0,12.0,25.0,2.0,1.0,2.0,0.5,10.0
283,"Felix, Carrick",DAL,3.0,14.7,5.0,5.0,16.0,31.3,3.7,0.3,1.0,0.0,10.0
461,"Brown, Markel",POR,2.0,11.0,7.0,6.0,9.0,66.7,2.5,0.5,0.0,0.0,10.0
170,"Jean-Charles, Livio",SAS,3.0,12.3,5.3,8.0,15.0,53.3,2.3,1.0,1.0,0.3,9.9
370,"Zubac, Ivica",LAL,3.0,18.7,6.7,6.0,16.0,37.5,2.0,0.7,0.0,0.3,9.7
497,"Ledbetter, Jeff",SAS,3.0,16.0,5.7,6.0,13.0,46.2,1.0,1.3,1.7,0.0,9.7
345,"Hicks, Isaiah",LAC,3.0,10.0,6.3,7.0,11.0,63.6,2.0,0.0,0.0,1.3,9.600000000000001
217,"Kaba, Alpha",ATL,3.0,12.3,4.0,5.0,15.0,33.3,5.3,0.0,0.3,0.0,9.600000000000001
18,"Murray Jr., Lamond",MIA,4.0,19.8,5.0,8.0,30.0,26.7,3.0,0.3,1.0,0.3,9.600000000000001
546,"Simmons, Kobi",MEM,3.0,16.3,5.3,7.0,24.0,29.2,2.0,2.0,0.3,0.0,9.600000000000001
350,"Nelson, Luke",LAC,2.0,12.0,4.0,2.0,6.0,33.3,3.5,1.0,0.5,0.5,9.5
521,"Butterfield, Spencer",UTA,2.0,18.0,5.5,3.0,8.0,37.5,2.0,1.5,0.5,0.0,9.5
189,"Walker, Devondrick",UTA,2.0,20.0,8.5,7.0,20.0,35.0,0.5,0.0,0.5,0.0,9.5
429,"Wiley, Jacob",BKN,2.0,16.5,3.0,1.0,3.0,33.3,4.5,1.0,0.5,0.5,9.5
152,"Briscoe, Isaiah",PHI,2.0,13.5,5.0,5.0,9.0,55.6,1.0,2.0,1.5,0.0,9.5
468,"Johnson, Nick",POR,3.0,10.7,4.7,5.0,9.0,55.6,2.0,1.7,1.0,0.0,9.4
264,"O'Neale, Royce",NOP,3.0,18.0,4.0,5.0,15.0,33.3,3.3,1.0,0.7,0.3,9.3
307,"Alford, Bryce",GSW,3.0,11.7,5.3,4.0,14.0,28.6,2.0,1.0,1.0,0.0,9.3
104,"Corbin, Tyrell",CHA,3.0,15.3,6.0,8.0,18.0,44.4,1.0,2.3,0.0,0.0,9.3
490,"Blossomgame, Jaron",SAS,3.0,22.7,4.0,5.0,9.0,55.6,4.0,0.3,1.0,0.0,9.3
503,"Caupain, Troy",TOR,3.0,14.3,4.3,4.0,14.0,28.6,2.3,1.7,1.0,0.0,9.299999999999999
244,"Jones, Roosevelt",CLE,3.0,14.0,1.7,2.0,6.0,33.3,5.7,1.0,0.7,0.0,9.1
17,"Mika, Eric",MIA,3.0,13.7,5.3,4.0,11.0,36.4,2.7,0.7,0.0,0.3,9.0
341,"Bell, James",LAC,3.0,16.3,5.0,6.0,15.0,40.0,2.7,1.3,0.0,0.0,9.0
172,"Lalanne, Cady",SAS,2.0,9.0,6.5,6.0,9.0,66.7,2.0,0.0,0.5,0.0,9.0
329,"Jones, Matt",HOU,1.0,13.0,7.0,1.0,4.0,25.0,2.0,0.0,0.0,0.0,9.0
231,"Lucas, Landen",BOS,3.0,9.3,3.0,3.0,4.0,75.0,5.0,0.7,0.0,0.3,9.0
100,"Tobey, Mike",DET,3.0,13.7,4.3,5.0,11.0,45.5,3.3,0.3,0.3,0.7,8.899999999999999
169,"Hanlan, Olivier",SAS,3.0,19.3,5.0,5.0,14.0,35.7,1.7,1.7,0.3,0.0,8.700000000000001
190,"Wallace, Tyrone",UTA,3.0,18.0,3.7,4.0,12.0,33.3,3.3,1.7,0.0,0.0,8.7
379,"Odum, Jake",MIA,2.0,16.0,5.0,3.0,7.0,42.9,0.0,3.0,0.5,0.0,8.5
425,"Poirier, Vincent",BKN,2.0,12.0,0.0,0.0,2.0,0.0,6.0,0.5,0.5,1.5,8.5
314,"Ennis, Dylan",GSW,3.0,14.0,6.0,5.0,15.0,33.3,0.7,1.0,0.7,0.0,8.4
67,"Moore, Ben",IND,5.0,15.4,3.8,7.0,12.0,58.3,3.0,0.8,0.4,0.4,8.4
220,"Magette, Josh",ATL,3.0,18.0,2.3,2.0,10.0,20.0,2.7,2.3,1.0,0.0,8.3
241,"Cassell Jr., Sam",CLE,3.0,14.0,6.3,7.0,24.0,29.2,1.0,1.0,0.0,0.0,8.3
16,"Irvin, Zak",MIA,5.0,25.0,3.8,9.0,31.0,29.0,2.6,1.2,0.6,0.0,8.200000000000001
330,"Long, Shawn",HOU,3.0,9.7,4.3,6.0,11.0,54.5,3.0,0.3,0.3,0.3,8.2
456,"Obekpa, Chris",PHX,1.0,11.0,0.0,0.0,0.0,0.0,6.0,0.0,0.0,2.0,8.0
420,"Ibeh, Prince",BKN,2.0,11.5,2.5,1.0,4.0,25.0,4.0,0.0,0.5,1.0,8.0
95,"Kennedy, Markus",DET,1.0,10.0,2.0,0.0,4.0,0.0,6.0,0.0,0.0,0.0,8.0
483,"Montero, Luis",SAC,2.0,13.5,2.5,2.0,5.0,40.0,4.5,0.0,1.0,0.0,8.0
82,"Morin, Yannis",OKC,5.0,13.4,2.2,3.0,13.0,23.1,4.0,0.4,0.6,0.8,8.0
301,"Moore, Dallas",DEN,1.0,10.0,5.0,2.0,5.0,40.0,1.0,0.0,2.0,0.0,8.0
320,"Munford, Xavier",GSW,2.0,15.5,3.0,2.0,8.0,25.0,3.0,1.5,0.5,0.0,8.0
291,"Webster, Corey",DAL,3.0,16.7,4.7,5.0,12.0,41.7,1.3,0.7,1.3,0.0,8.0
222,"Shepard, Winston",ATL,1.0,14.0,0.0,0.0,2.0,0.0,4.0,3.0,0.0,1.0,8.0
164,"Bentil, Ben",SAS,1.0,10.0,5.0,2.0,6.0,33.3,3.0,0.0,0.0,0.0,8.0
163,"Trimble, Melo",PHI,1.0,10.0,3.0,1.0,2.0,50.0,3.0,2.0,0.0,0.0,8.0
140,"Lucas, Landen",BOS,2.0,10.5,1.5,1.0,3.0,33.3,3.5,1.5,1.0,0.5,8.0
303,"Radicevic, Nikola",DEN,3.0,15.7,3.3,4.0,7.0,57.1,1.7,2.3,0.7,0.0,8.0
280,"Adams, Josh",DAL,2.0,17.5,5.5,4.0,8.0,50.0,1.0,0.5,1.0,0.0,8.0
292,"Yanyuhang, Ding",DAL,3.0,11.0,5.0,6.0,14.0,42.9,2.7,0.3,0.0,0.0,8.0
69,"Palo, Bubu",IND,3.0,13.0,4.3,3.0,6.0,50.0,2.3,1.3,0.0,0.0,7.8999999999999995
518,"Watson, Paul",TOR,3.0,11.3,4.3,4.0,9.0,44.4,2.3,1.0,0.3,0.0,7.8999999999999995
102,"Willis, Derek",DET,4.0,11.0,3.5,5.0,14.0,35.7,2.0,1.3,1.0,0.0,7.8
19,"Odum, Jake",MIA,4.0,14.8,1.8,1.0,16.0,6.3,2.0,2.5,1.5,0.0,7.8
60,"Hamilton, Isaac",IND,3.0,14.3,5.3,6.0,16.0,37.5,1.0,0.7,0.7,0.0,7.7
134,"Allen, Kadeem",BOS,3.0,16.7,2.0,1.0,7.0,14.3,3.0,1.7,1.0,0.0,7.7
27,"Barry, Canyon",NYK,5.0,13.4,3.6,6.0,16.0,37.5,1.8,1.6,0.4,0.2,7.6000000000000005
173,"Ledbetter, Jeff",SAS,2.0,10.0,3.0,2.0,4.0,50.0,2.5,2.0,0.0,0.0,7.5
276,"Todorovic, Dejan",CHI,2.0,9.5,4.5,4.0,11.0,36.4,2.5,0.5,0.0,0.0,7.5
557,"Jenkins, Kris",WAS,2.0,13.0,5.0,3.0,7.0,42.9,2.0,0.0,0.0,0.5,7.5
407,"Jefferson, Amile",MIN,3.0,11.7,2.7,3.0,10.0,30.0,3.7,0.0,1.0,0.0,7.4
31,"Jones, Dominique",NYK,5.0,12.6,4.4,9.0,15.0,60.0,0.8,1.8,0.4,0.0,7.4
312,"Cook, Elgin",GSW,3.0,10.0,5.0,6.0,14.0,42.9,1.0,0.3,0.7,0.3,7.3
101,"Wells, Dez",DET,4.0,12.8,3.3,5.0,13.0,38.5,1.8,1.3,0.8,0.0,7.199999999999999
211,"Cavanaugh, Tyler",ATL,1.0,11.0,2.0,0.0,3.0,0.0,5.0,0.0,0.0,0.0,7.0
162,"Tarczewski, Kaleb",PHI,3.0,13.3,2.3,2.0,5.0,40.0,3.0,0.7,0.3,0.7,7.0
505,"Huff, Cole",TOR,2.0,12.5,3.5,2.0,4.0,50.0,2.0,0.0,1.0,0.5,7.0
347,"Johnson, Jaron",LAC,3.0,11.0,5.0,5.0,12.0,41.7,1.7,0.0,0.0,0.3,7.0
250,"White, Andrew",CLE,3.0,8.3,5.7,6.0,13.0,46.2,1.0,0.3,0.0,0.0,7.0
392,"Moore, Jalen",MIL,3.0,19.3,3.0,3.0,6.0,50.0,3.3,0.3,0.3,0.0,6.8999999999999995
30,"Jaramaz, Ognjen",NYK,5.0,12.6,2.8,1.0,14.0,7.1,2.2,1.6,0.2,0.0,6.8
270,"Dukan, Duje",CHI,3.0,12.3,3.7,3.0,8.0,37.5,1.0,1.0,1.0,0.0,6.7
388,"Kempton, Tim",MIL,3.0,10.7,2.0,2.0,10.0,20.0,3.7,0.3,0.0,0.7,6.7
511,"Mulder, Mychal",TOR,2.0,16.0,4.0,4.0,12.0,33.3,1.0,1.5,0.0,0.0,6.5
451,"Jackson, Joe",PHX,2.0,9.5,1.5,1.0,2.0,50.0,0.5,2.5,2.0,0.0,6.5
324,"Williams, Darrell",GSW,2.0,4.5,4.0,3.0,6.0,50.0,2.0,0.0,0.0,0.5,6.5
342,"Brown, Anthony",LAC,2.0,12.0,2.5,2.0,10.0,20.0,4.0,0.0,0.0,0.0,6.5
180,"Butterfield, Spencer",UTA,2.0,10.5,4.5,3.0,5.0,60.0,2.0,0.0,0.0,0.0,6.5
332,"McCree, Erik",HOU,2.0,18.5,2.5,2.0,8.0,25.0,2.0,1.5,0.5,0.0,6.5
225,"Allen, Kadeem",BOS,3.0,10.0,2.7,4.0,13.0,30.8,2.0,1.0,0.3,0.3,6.3
462,"Cleveland, Antonius",POR,1.0,11.0,4.0,1.0,3.0,33.3,1.0,0.0,1.0,0.0,6.0
563,"Roberts, Jaleel",WAS,1.0,16.0,2.0,1.0,3.0,33.3,1.0,1.0,1.0,1.0,6.0
260,"Jok, Peter",NOP,2.0,10.0,2.5,2.0,6.0,33.3,2.0,0.5,1.0,0.0,6.0
184,"Holmes, Jonathan",UTA,1.0,10.0,3.0,1.0,3.0,33.3,3.0,0.0,0.0,0.0,6.0
213,"Cordinier, Isaia",ATL,2.0,12.5,3.5,3.0,11.0,27.3,2.0,0.5,0.0,0.0,6.0
136,"Bird, Jabari",BOS,3.0,15.3,4.0,4.0,11.0,36.4,0.3,0.7,0.3,0.7,6.0
377,"Mika, Eric",MIA,1.0,8.0,4.0,0.0,1.0,0.0,2.0,0.0,0.0,0.0,6.0
223,"Solomon, Richard",ATL,3.0,8.3,3.3,3.0,4.0,75.0,1.7,0.0,1.0,0.0,6.0
335,"Peak, L.J.",HOU,2.0,11.0,5.0,4.0,10.0,40.0,0.5,0.0,0.0,0.5,6.0
147,"Wood, Scott",BOS,2.0,9.5,4.0,3.0,5.0,60.0,1.0,1.0,0.0,0.0,6.0
402,"Burton, Deonte",MIN,3.0,14.3,2.0,2.0,13.0,15.4,2.7,0.3,1.0,0.0,6.0
97,"Nnoko, Landry",DET,3.0,11.0,2.0,3.0,7.0,42.9,2.3,0.3,0.0,1.3,5.8999999999999995
308,"Allen, Noah",GSW,3.0,11.3,2.3,3.0,6.0,50.0,3.0,0.3,0.0,0.3,5.8999999999999995
470,"Scott, Josh",POR,3.0,6.7,3.0,3.0,6.0,50.0,1.7,0.7,0.0,0.3,5.7
267,"Arcidiacono, Ryan",CHI,3.0,17.7,2.0,2.0,9.0,22.2,2.0,1.3,0.3,0.0,5.6
117,"York, Gabe",CHA,3.0,12.7,3.3,4.0,14.0,28.6,1.3,1.0,0.0,0.0,5.6
240,"Beverly, Gerald",CLE,3.0,12.0,3.0,2.0,8.0,25.0,2.3,0.0,0.0,0.3,5.6
530,"Tokoto, JP",UTA,2.0,15.5,2.5,2.0,9.0,22.2,2.0,1.0,0.0,0.0,5.5
400,"Zimmerman, Stephen",MIL,2.0,9.0,2.5,2.0,3.0,66.7,2.0,0.5,0.0,0.5,5.5
555,"House, Danuel",WAS,2.0,14.5,1.5,1.0,12.0,8.3,4.0,0.0,0.0,0.0,5.5
424,"Murphy, Kamari",BKN,2.0,12.0,2.0,2.0,6.0,33.3,2.5,0.5,0.0,0.5,5.5
356,"Wiltjer, Kyle",LAC,2.0,11.0,2.0,2.0,9.0,22.2,3.0,0.5,0.0,0.0,5.5
135,"Allen, Rosco",BOS,2.0,7.0,3.5,2.0,3.0,66.7,2.0,0.0,0.0,0.0,5.5
269,"Brimah, Amida",CHI,2.0,8.0,3.0,1.0,1.0,100.0,1.0,0.0,0.0,1.5,5.5
534,"Wright, Julian",UTA,3.0,8.0,2.7,3.0,11.0,27.3,1.7,0.0,0.3,0.7,5.4
349,"Michineau, David",LAC,3.0,6.3,2.0,3.0,4.0,75.0,1.0,1.7,0.7,0.0,5.4
389,"Koenig, Bronson",MIL,3.0,16.3,4.7,5.0,16.0,31.3,0.7,0.0,0.0,0.0,5.4
426,"Pryor, Rodney",BKN,1.0,9.0,3.0,1.0,2.0,50.0,1.0,0.0,1.0,0.0,5.0
482,"Mitrou-Long, Naz",SAC,1.0,12.0,3.0,1.0,7.0,14.3,2.0,0.0,0.0,0.0,5.0
459,"Wood, Christian",PHX,3.0,8.0,2.0,3.0,8.0,37.5,2.7,0.0,0.3,0.0,5.0
23,"Saiz, Sebastian",MIA,3.0,10.0,1.7,2.0,5.0,40.0,3.3,0.0,0.0,0.0,5.0
339,"Uthoff, Jarrod",HOU,1.0,7.0,1.0,0.0,2.0,0.0,3.0,1.0,0.0,0.0,5.0
488,"Bentil, Ben",SAS,1.0,7.0,2.0,1.0,2.0,50.0,3.0,0.0,0.0,0.0,5.0
496,"Lalanne, Cady",SAS,3.0,9.0,2.0,3.0,6.0,50.0,2.3,0.0,0.0,0.7,5.0
375,"Irvin, Zak",MIA,3.0,10.0,1.7,2.0,6.0,33.3,2.3,0.7,0.0,0.0,4.7
272,"Heslip, Brady",CHI,3.0,16.3,2.0,2.0,14.0,14.3,1.7,0.3,0.7,0.0,4.7
494,"Jean-Charles, Livio",SAS,3.0,10.7,2.0,3.0,7.0,42.9,1.7,0.3,0.7,0.0,4.7
45,"Harvey, Tyler",ORL,3.0,7.7,3.0,3.0,8.0,37.5,1.3,0.3,0.0,0.0,4.6
374,"Hammons, AJ",MIA,3.0,13.0,4.0,4.0,9.0,44.4,0.3,0.3,0.0,0.0,4.6
296,"Cornelie, Petr",DEN,2.0,11.0,2.5,2.0,7.0,28.6,1.5,0.5,0.0,0.0,4.5
514,"Reynolds, Jalen",TOR,2.0,8.5,3.0,2.0,5.0,40.0,1.5,0.0,0.0,0.0,4.5
390,"Lewis, JeQuan",MIL,2.0,12.0,1.5,1.0,7.0,14.3,0.5,2.0,0.5,0.0,4.5
433,"Briscoe, Isaiah",PHI,2.0,8.0,2.5,2.0,5.0,40.0,0.0,1.5,0.5,0.0,4.5
86,"Thornton, Marcus",OKC,5.0,13.4,1.8,2.0,11.0,18.2,0.8,1.4,0.4,0.0,4.4
9,"Smith, Jaime",DAL,5.0,14.2,3.6,6.0,18.0,33.3,0.2,0.2,0.2,0.0,4.2
4,"Hornsby, Keith",DAL,5.0,9.0,2.8,6.0,11.0,54.5,1.2,0.2,0.0,0.0,4.2
146,"Thompson, Trevor",BOS,2.0,7.0,0.5,0.0,2.0,0.0,2.5,0.0,0.0,1.0,4.0
326,"de Paula, George",HOU,1.0,15.0,0.0,0.0,3.0,0.0,3.0,1.0,0.0,0.0,4.0
322,"Rahon, Joe",GSW,1.0,8.0,0.0,0.0,2.0,0.0,1.0,1.0,2.0,0.0,4.0
215,"Dorsey, Tyler",ATL,3.0,12.3,2.7,4.0,11.0,36.4,1.3,0.0,0.0,0.0,4.0
210,"Britt, Nate",ATL,1.0,10.0,2.0,1.0,4.0,25.0,0.0,2.0,0.0,0.0,4.0
229,"Buford, Perrin",BOS,3.0,9.3,1.0,1.0,8.0,12.5,2.3,0.7,0.0,0.0,4.0
423,"Moore, JJ",BKN,2.0,9.5,2.5,1.0,8.0,12.5,0.5,1.0,0.0,0.0,4.0
313,"Dulkys, Deividas",GSW,1.0,6.0,3.0,1.0,3.0,33.3,0.0,0.0,0.0,1.0,4.0
522,"Creek, Mitch",UTA,2.0,10.0,2.0,2.0,5.0,40.0,1.5,0.0,0.5,0.0,4.0
58,"Cesar Lima, Augusto",IND,1.0,13.0,0.0,0.0,0.0,0.0,4.0,0.0,0.0,0.0,4.0
214,"Cotton, Bryce",ATL,3.0,17.7,1.3,2.0,14.0,14.3,1.7,0.7,0.0,0.0,3.7
54,"Randolph, Levi",ORL,3.0,11.0,1.7,2.0,9.0,22.2,1.3,0.0,0.7,0.0,3.7
112,"Stephens, Quinton",CHA,2.0,11.0,1.5,1.0,5.0,20.0,1.5,0.0,0.5,0.0,3.5
262,"Lumpkin, Sanjay",NOP,2.0,9.0,0.0,0.0,3.0,0.0,1.5,0.5,0.5,1.0,3.5
362,"Dozier, PJ",LAL,2.0,5.0,1.0,1.0,3.0,33.3,1.5,0.5,0.0,0.5,3.5
53,"Pauli, Oriol",ORL,2.0,5.0,1.0,1.0,2.0,50.0,1.0,0.5,1.0,0.0,3.5
528,"Sobey, Nate",UTA,2.0,10.5,3.0,3.0,10.0,30.0,0.0,0.0,0.5,0.0,3.5
408,"Kingsley, Moses",MIN,2.0,4.5,1.0,1.0,1.0,100.0,1.5,0.0,0.5,0.5,3.5
397,"Upshaw Jr., Reggie",MIL,3.0,9.3,1.3,2.0,6.0,33.3,2.0,0.0,0.0,0.0,3.3
354,"Warney, Jameel",LAC,3.0,4.7,2.0,2.0,4.0,50.0,1.0,0.3,0.0,0.0,3.3
256,"Cousins, Jaleel",NOP,3.0,5.7,2.3,3.0,5.0,60.0,1.0,0.0,0.0,0.0,3.3
323,"Webster, Tai",GSW,3.0,8.7,0.0,0.0,3.0,0.0,1.3,1.7,0.3,0.0,3.3
77,"Hill, Malcolm",OKC,4.0,7.5,1.8,3.0,8.0,37.5,0.8,0.3,0.3,0.0,3.1999999999999997
548,"Williams, Amir",MEM,2.0,5.0,1.0,1.0,3.0,33.3,1.0,0.0,0.5,0.5,3.0
487,"Stuteville, Eric",SAC,1.0,5.0,1.0,0.0,1.0,0.0,2.0,0.0,0.0,0.0,3.0
92,"Hollis-Jefferson, Rahlir",DET,1.0,14.0,2.0,0.0,0.0,0.0,1.0,0.0,0.0,0.0,3.0
378,"Murray Jr., Lamond",MIA,1.0,8.0,3.0,0.0,2.0,0.0,0.0,0.0,0.0,0.0,3.0
565,"Ross, Jalen",WAS,1.0,10.0,2.0,1.0,2.0,50.0,0.0,1.0,0.0,0.0,3.0
68,"Niang, Georges",IND,1.0,1.0,2.0,1.0,2.0,50.0,1.0,0.0,0.0,0.0,3.0
524,"Holmes, Jonathan",UTA,1.0,5.0,3.0,1.0,2.0,50.0,0.0,0.0,0.0,0.0,3.0
321,"Omogbo, Emmanuel",GSW,1.0,3.0,3.0,1.0,1.0,100.0,0.0,0.0,0.0,0.0,3.0
352,"Thompson, Shevon",LAC,2.0,6.0,0.0,0.0,2.0,0.0,2.5,0.0,0.5,0.0,3.0
48,"Jankovic, Stefan",ORL,2.0,9.0,0.0,0.0,5.0,0.0,2.0,0.0,0.0,1.0,3.0
294,"Bropleh, Thomas",DEN,1.0,4.0,2.0,1.0,1.0,100.0,1.0,0.0,0.0,0.0,3.0
234,"Petteway, Terran",BOS,2.0,6.5,3.0,2.0,6.0,33.3,0.0,0.0,0.0,0.0,3.0
237,"Thompson, Trevor",BOS,2.0,4.5,1.0,1.0,2.0,50.0,1.5,0.0,0.0,0.5,3.0
20,"Pelle, Norvel",MIA,2.0,9.0,0.5,0.0,2.0,0.0,1.0,0.0,0.5,1.0,3.0
216,"Ford, Quincy",ATL,1.0,14.0,0.0,0.0,2.0,0.0,2.0,0.0,0.0,1.0,3.0
446,"Atkins, Darion",PHX,1.0,3.0,2.0,1.0,1.0,100.0,0.0,1.0,0.0,0.0,3.0
367,"Thomas, Matt",LAL,3.0,8.3,0.7,1.0,6.0,16.7,1.7,0.3,0.0,0.3,2.9999999999999996
226,"Allen, Rosco",BOS,2.0,4.0,1.5,1.0,2.0,50.0,0.5,0.0,0.5,0.0,2.5
544,"Rudd, Victor",MEM,2.0,5.5,1.0,1.0,2.0,50.0,0.5,0.5,0.5,0.0,2.5
290,"Spieth, Steven",DAL,3.0,4.7,0.7,0.0,1.0,0.0,1.3,0.0,0.0,0.3,2.3
527,"Purvis, Rodney",UTA,1.0,6.0,1.0,0.0,0.0,0.0,0.0,0.0,0.0,1.0,2.0
512,"Okonoboh, Goodluck",TOR,1.0,4.0,2.0,0.0,1.0,0.0,0.0,0.0,0.0,0.0,2.0
566,"Simmons, Rayshawn",WAS,1.0,10.0,0.0,0.0,1.0,0.0,0.0,1.0,1.0,0.0,2.0
39,"Cameron, Reggie",ORL,2.0,4.0,1.0,1.0,1.0,100.0,0.0,0.5,0.5,0.0,2.0
41,"Dunham, Kellen",ORL,2.0,5.5,1.0,1.0,4.0,25.0,1.0,0.0,0.0,0.0,2.0
306,"Walker, David",DEN,3.0,8.0,1.0,1.0,3.0,33.3,0.3,0.7,0.0,0.0,2.0
8,"Singh, Satnam",DAL,3.0,5.7,1.3,2.0,5.0,40.0,0.7,0.0,0.0,0.0,2.0
458,"Stockton, David",PHX,1.0,3.0,0.0,0.0,0.0,0.0,1.0,1.0,0.0,0.0,2.0
506,"Keita, Tidjan",TOR,1.0,2.0,2.0,1.0,1.0,100.0,0.0,0.0,0.0,0.0,2.0
143,"Petteway, Terran",BOS,3.0,3.0,0.0,0.0,1.0,0.0,1.0,0.3,0.3,0.0,1.6
491,"Early, Cleanthony",SAS,2.0,8.0,1.0,1.0,1.0,100.0,0.5,0.0,0.0,0.0,1.5
235,"Smith, Scoochie",BOS,2.0,4.5,0.5,0.0,3.0,0.0,0.5,0.5,0.0,0.0,1.5
401,"Beachem, V.J.",MIN,2.0,12.0,0.5,0.0,11.0,0.0,1.0,0.0,0.0,0.0,1.5
98,"Simmons, Marcus",DET,2.0,5.0,0.0,0.0,1.0,0.0,1.0,0.0,0.0,0.5,1.5
1,"Bako, Ismael",DAL,4.0,4.5,0.5,1.0,4.0,25.0,0.8,0.0,0.0,0.0,1.3
529,"Southerland, James",UTA,1.0,9.0,0.0,0.0,2.0,0.0,0.0,1.0,0.0,0.0,1.0
181,"Creek, Mitch",UTA,1.0,14.0,0.0,0.0,1.0,0.0,0.0,0.0,1.0,0.0,1.0
219,"Lockett, Trent",ATL,1.0,12.0,0.0,0.0,2.0,0.0,1.0,0.0,0.0,0.0,1.0
299,"Johnson, Xavier",DEN,1.0,4.0,0.0,0.0,0.0,0.0,1.0,0.0,0.0,0.0,1.0
465,"Daniels, DeAndre",POR,2.0,5.0,0.0,0.0,2.0,0.0,1.0,0.0,0.0,0.0,1.0
286,"Graham, Torian",DAL,3.0,3.7,0.0,0.0,5.0,0.0,1.0,0.0,0.0,0.0,1.0
263,"Mathews, Jordan",NOP,1.0,6.0,0.0,0.0,2.0,0.0,0.0,0.0,1.0,0.0,1.0
161,"Reynolds, Darryl",PHI,1.0,4.0,0.0,0.0,0.0,0.0,0.0,0.0,1.0,0.0,1.0
542,"Morgan, Jeremy",MEM,1.0,6.0,0.0,0.0,3.0,0.0,1.0,0.0,0.0,0.0,1.0
78,"Hines, Shaquille",OKC,3.0,4.7,0.7,1.0,4.0,25.0,0.0,0.0,0.0,0.0,0.7
547,"Washpun, Wes",MEM,3.0,2.3,0.7,0.0,0.0,0.0,0.0,0.0,0.0,0.0,0.7
238,"Wood, Scott",BOS,2.0,3.5,0.0,0.0,1.0,0.0,0.5,0.0,0.0,0.0,0.5
383,"Saiz, Sebastian",MIA,0.0,0.0,0.0,0.0,0.0,0.0,0.0,0.0,0.0,0.0,0.0
543,"Rabb, Ivan",MEM,0.0,0.0,0.0,0.0,0.0,0.0,0.0,0.0,0.0,0.0,0.0
186,"Sobey, Nate",UTA,0.0,0.0,0.0,0.0,0.0,0.0,0.0,0.0,0.0,0.0,0.0
380,"Pelle, Norvel",MIA,0.0,0.0,0.0,0.0,0.0,0.0,0.0,0.0,0.0,0.0,0.0
410,"Patton, Justin",MIN,0.0,0.0,0.0,0.0,0.0,0.0,0.0,0.0,0.0,0.0,0.0
110,"Monk, Malik",CHA,0.0,0.0,0.0,0.0,0.0,0.0,0.0,0.0,0.0,0.0,0.0
84,"Sabonis, Domantas",OKC,0.0,0.0,0.0,0.0,0.0,0.0,0.0,0.0,0.0,0.0,0.0
90,"Freeman, Trey",DET,0.0,0.0,0.0,0.0,0.0,0.0,0.0,0.0,0.0,0.0,0.0
554,"Hooper, Max",WAS,0.0,0.0,0.0,0.0,0.0,0.0,0.0,0.0,0.0,0.0,0.0
88,"Davis, Will",DET,0.0,0.0,0.0,0.0,0.0,0.0,0.0,0.0,0.0,0.0,0.0
556,"Humphries, Issac",WAS,0.0,0.0,0.0,0.0,0.0,0.0,0.0,0.0,0.0,0.0,0.0
387,"Carmichael, Jackie",MIL,0.0,0.0,0.0,0.0,0.0,0.0,0.0,0.0,0.0,0.0,0.0
394,"Polonara, Achille",MIL,0.0,0.0,0.0,0.0,0.0,0.0,0.0,0.0,0.0,0.0,0.0
115,"Webster, Tai",CHA,0.0,0.0,0.0,0.0,0.0,0.0,0.0,0.0,0.0,0.0,0.0
116,"Williams, Devin",CHA,0.0,0.0,0.0,0.0,0.0,0.0,0.0,0.0,0.0,0.0,0.0
395,"Roberson, Tyler",MIL,0.0,0.0,0.0,0.0,0.0,0.0,0.0,0.0,0.0,0.0,0.0
553,"Hannibal, Jasonn",WAS,0.0,0.0,0.0,0.0,0.0,0.0,0.0,0.0,0.0,0.0,0.0
550,"Baker, Ian",WAS,0.0,0.0,0.0,0.0,0.0,0.0,0.0,0.0,0.0,0.0,0.0
34,"Ndour, Maurice",NYK,0.0,0.0,0.0,0.0,0.0,0.0,0.0,0.0,0.0,0.0,0.0
414,"Allen, Jarrett",BKN,0.0,0.0,0.0,0.0,0.0,0.0,0.0,0.0,0.0,0.0,0.0
175,"Robinson, James",SAS,0.0,0.0,0.0,0.0,0.0,0.0,0.0,0.0,0.0,0.0,0.0
167,"Early, Cleanthony",SAS,1.0,11.0,0.0,0.0,1.0,0.0,0.0,0.0,0.0,0.0,0.0
35,"Ntilikina, Frank",NYK,0.0,0.0,0.0,0.0,0.0,0.0,0.0,0.0,0.0,0.0,0.0
499,"Robinson, James",SAS,0.0,0.0,0.0,0.0,0.0,0.0,0.0,0.0,0.0,0.0,0.0
477,"Hearn, Reggie",SAC,0.0,0.0,0.0,0.0,0.0,0.0,0.0,0.0,0.0,0.0,0.0
502,"Anunoby, OG",TOR,0.0,0.0,0.0,0.0,0.0,0.0,0.0,0.0,0.0,0.0,0.0
259,"Jackson, Frank",NOP,0.0,0.0,0.0,0.0,0.0,0.0,0.0,0.0,0.0,0.0,0.0
257,"Crawford, Jordan",NOP,0.0,0.0,0.0,0.0,0.0,0.0,0.0,0.0,0.0,0.0,0.0
476,"Hawkins, Dominique",SAC,0.0,0.0,0.0,0.0,0.0,0.0,0.0,0.0,0.0,0.0,0.0
475,"Giles, Harry",SAC,0.0,0.0,0.0,0.0,0.0,0.0,0.0,0.0,0.0,0.0,0.0
253,"Chamberlain, Mashawn",NOP,1.0,2.0,0.0,0.0,0.0,0.0,0.0,0.0,0.0,0.0,0.0
510,"Miller, Malcolm",TOR,0.0,0.0,0.0,0.0,0.0,0.0,0.0,0.0,0.0,0.0,0.0
455,"McLean, Tre",PHX,0.0,0.0,0.0,0.0,0.0,0.0,0.0,0.0,0.0,0.0,0.0
539,"Howard, William",MEM,0.0,0.0,0.0,0.0,0.0,0.0,0.0,0.0,0.0,0.0,0.0
450,"Iroegbu, Ike",PHX,0.0,0.0,0.0,0.0,0.0,0.0,0.0,0.0,0.0,0.0,0.0
449,"Harrison, Shaquille",PHX,0.0,0.0,0.0,0.0,0.0,0.0,0.0,0.0,0.0,0.0,0.0
55,"Thompson, Shevon",ORL,0.0,0.0,0.0,0.0,0.0,0.0,0.0,0.0,0.0,0.0,0.0
304,"Sant-Roos, Howard",DEN,1.0,3.0,0.0,0.0,1.0,0.0,0.0,0.0,0.0,0.0,0.0
310,"Boucher, Chris",GSW,0.0,0.0,0.0,0.0,0.0,0.0,0.0,0.0,0.0,0.0,0.0
438,"Jaiteh, Mouhammadou",PHI,0.0,0.0,0.0,0.0,0.0,0.0,0.0,0.0,0.0,0.0,0.0
316,"Harper, Justin",GSW,0.0,0.0,0.0,0.0,0.0,0.0,0.0,0.0,0.0,0.0,0.0
138,"Buford, Perrin",BOS,1.0,2.0,0.0,0.0,1.0,0.0,0.0,0.0,0.0,0.0,0.0
422,"McCall, Tahjere",BKN,0.0,0.0,0.0,0.0,0.0,0.0,0.0,0.0,0.0,0.0,0.0
75,"Ferguson, Terrance",OKC,0.0,0.0,0.0,0.0,0.0,0.0,0.0,0.0,0.0,0.0,0.0
537,"Cowels, Ray",MEM,0.0,0.0,0.0,0.0,0.0,0.0,0.0,0.0,0.0,0.0,0.0
288,"Singh, Satnam",DAL,2.0,3.0,0.0,0.0,0.0,0.0,0.0,0.0,0.0,0.0,0.0
50,"Karnowski, Przemek",ORL,,,,,,61.5,,,,,
108,"Karnowski, Przemek",CHA,,,,,,61.5,,,,,
118,1. Bryn Forbes SAS,21.3,,,,,,,,,,,
119,2. Markelle Fultz PHI,20.0,,,,,,,,,,,
120,3. Dante Exum UTA,20.0,,,,,,,,,,,
121,4. Jayson Tatum BOS,18.7,,,,,,,,,,,
122,5. Jaylen Brown BOS,17.5,,,,,,,,,,,
123,1. Jaylen Brown BOS,10.5,,,,,,,,,,,
124,2. Jayson Tatum BOS,9.7,,,,,,,,,,,
125,3. Cory Jefferson SAS,7.3,,,,,,,,,,,
126,4. Isaiah Miles PHI,7.0,,,,,,,,,,,
127,5. Julian Wright UTA,6.5,,,,,,,,,,,
128,1. Dante Exum UTA,6.3,,,,,,,,,,,
129,2. Larry Drew II PHI,5.0,,,,,,,,,,,
130,3. Dejounte Murray SAS,4.5,,,,,,,,,,,
131,4. Timothe Luwawu-Cabarrot PHI,4.0,,,,,,,,,,,
132,5. Donovan Mitchell UTA,3.3,,,,,,,,,,,
133,,,,,,,,,,,,,
193,1. Bryn Forbes SAS,29.3,,,,,,,,,,,
194,2. Donovan Mitchell UTA,28.0,,,,,,,,,,,
195,3. Brandon Ingram LAL,26.0,,,,,,,,,,,
196,4. Troy Williams HOU,25.7,,,,,,,,,,,
197,5. Malik Beasley DEN,22.7,,,,,,,,,,,
198,1. Matt Costello MIN,12.3,,,,,,,,,,,
199,2. Caleb Swanigan POR,11.0,,,,,,,,,,,
200,3. John Collins ATL,10.7,,,,,,,,,,,
201,4. Jakob Poeltl TOR,10.0,,,,,,,,,,,
202,5. Cheick Diallo NOP,9.3,,,,,,,,,,,
203,1. Lonzo Ball LAL,8.0,,,,,,,,,,,
204,2. Kendall Marshall LAC,8.0,,,,,,,,,,,
205,3. Isaiah Taylor HOU,8.0,,,,,,,,,,,
206,4. Fred VanVleet TOR,5.7,,,,,,,,,,,
207,5. Larry Drew II PHI,5.3,,,,,,,,,,,
208,,,,,,,,,,,,,
